<?xml version="1.0"?>
<instructionlist>
	<instruction>
		<processID>0</processID>
		<operation>Start</operation>
		<address>0</address>
	</instruction>
	<instruction>
		<processID>0</processID>
		<operation>Write</operation>
		<address>21639</address>
	</instruction>
	<instruction>
		<processID>1</processID>
		<operation>Start</operation>
		<address>0</address>
	</instruction>
	<instruction>
		<processID>0</processID>
		<operation>Write</operation>
		<address>21619</address>
	</instruction>
	<instruction>
		<processID>1</processID>
		<operation>Write</operation>
		<address>9304</address>
	</instruction>
	<instruction>
		<processID>2</processID>
		<operation>Start</operation>
		<address>0</address>
	</instruction>
	<instruction>
		<processID>2</processID>
		<operation>Write</operation>
		<address>30941</address>
	</instruction>
	<instruction>
		<processID>0</processID>
		<operation>Read</operation>
		<address>23228</address>
	</instruction>
	<instruction>
		<processID>1</processID>
		<operation>Read</operation>
		<address>9592</address>
	</instruction>
	<instruction>
		<processID>2</processID>
		<operation>Write</operation>
		<address>30914</address>
	</instruction>
	<instruction>
		<processID>1</processID>
		<operation>Read</operation>
		<address>9357</address>
	</instruction>
	<instruction>
		<processID>1</processID>
		<operation>Write</operation>
		<address>19572</address>
	</instruction>
	<instruction>
		<processID>0</processID>
		<operation>Read</operation>
		<address>29782</address>
	</instruction>
	<instruction>
		<processID>2</processID>
		<operation>Read</operation>
		<address>18654</address>
	</instruction>
	<instruction>
		<processID>1</processID>
		<operation>Write</operation>
		<address>6998</address>
	</instruction>
	<instruction>
		<processID>1</processID>
		<operation>Read</operation>
		<address>19589</address>
	</instruction>
	<instruction>
		<processID>2</processID>
		<operation>Terminate</operation>
		<address>0</address>
	</instruction>
	<instruction>
		<processID>1</processID>
		<operation>Terminate</operation>
		<address>0</address>
	</instruction>
	<instruction>
		<processID>0</processID>
		<operation>Write</operation>
		<address>9302</address>
	</instruction>
	<instruction>
		<processID>0</processID>
		<operation>Terminate</operation>
		<address>0</address>
	</instruction>
</instructionlist>
